,total_claims,total_30day_fills,total_days_supply,total_drug_cost,event_total
total_claims,1.0,0.9342051339388263,0.9105276458098036,0.009859892847146437,-0.02284105923419956
total_30day_fills,0.9342051339388263,1.0,0.9944016257810625,-0.010130122159898851,-0.040398140763129746
total_days_supply,0.9105276458098036,0.9944016257810625,1.0,-0.009208842883523775,-0.03974319120545304
total_drug_cost,0.009859892847146437,-0.010130122159898851,-0.009208842883523775,1.0,-0.031623578250319244
event_total,-0.02284105923419956,-0.040398140763129746,-0.03974319120545304,-0.031623578250319244,1.0
